[{"model": "admin.logentry", "pk": 1, "fields": {"action_time": "2025-09-29T09:35:06.154Z", "user": 1, "content_type": 9, "object_id": "1", "object_repr": "Ryan Cheung", "action_flag": 1, "change_message": "[{\"added\": {}}]"}}, {"model": "admin.logentry", "pk": 2, "fields": {"action_time": "2025-09-29T09:37:33.034Z", "user": 1, "content_type": 9, "object_id": "2", "object_repr": "Tom Hanks", "action_flag": 1, "change_message": "[{\"added\": {}}]"}}, {"model": "admin.logentry", "pk": 3, "fields": {"action_time": "2025-09-29T09:39:14.346Z", "user": 1, "content_type": 9, "object_id": "3", "object_repr": "Maggie Leung", "action_flag": 1, "change_message": "[{\"added\": {}}]"}}, {"model": "admin.logentry", "pk": 4, "fields": {"action_time": "2025-09-29T09:43:54.303Z", "user": 1, "content_type": 8, "object_id": "1", "object_repr": "Kwun Tong Clinic", "action_flag": 1, "change_message": "[{\"added\": {}}]"}}, {"model": "admin.logentry", "pk": 5, "fields": {"action_time": "2025-09-29T09:52:54.791Z", "user": 1, "content_type": 8, "object_id": "2", "object_repr": "Kowloon Bay Clinic", "action_flag": 1, "change_message": "[{\"added\": {}}]"}}, {"model": "admin.logentry", "pk": 6, "fields": {"action_time": "2025-09-29T15:44:54.435Z", "user": 1, "content_type": 9, "object_id": "1", "object_repr": "Ryan Cheung", "action_flag": 2, "change_message": "[{\"changed\": {\"fields\": [\"Photo\"]}}]"}}, {"model": "admin.logentry", "pk": 7, "fields": {"action_time": "2025-09-29T15:45:13.941Z", "user": 1, "content_type": 9, "object_id": "2", "object_repr": "Tom Hanks", "action_flag": 2, "change_message": "[{\"changed\": {\"fields\": [\"Photo\"]}}]"}}, {"model": "admin.logentry", "pk": 8, "fields": {"action_time": "2025-09-29T15:45:38.522Z", "user": 1, "content_type": 9, "object_id": "3", "object_repr": "Maggie Leung", "action_flag": 2, "change_message": "[{\"changed\": {\"fields\": [\"Photo\"]}}]"}}, {"model": "admin.logentry", "pk": 9, "fields": {"action_time": "2025-09-29T15:48:23.918Z", "user": 1, "content_type": 9, "object_id": "4", "object_repr": "Susan Portman", "action_flag": 1, "change_message": "[{\"added\": {}}]"}}, {"model": "admin.logentry", "pk": 10, "fields": {"action_time": "2025-09-29T15:49:05.305Z", "user": 1, "content_type": 8, "object_id": "1", "object_repr": "Clinic 1", "action_flag": 2, "change_message": "[{\"changed\": {\"fields\": [\"Title\", \"Photo main\"]}}]"}}, {"model": "admin.logentry", "pk": 11, "fields": {"action_time": "2025-09-29T15:49:31.564Z", "user": 1, "content_type": 8, "object_id": "2", "object_repr": "Clinic 2", "action_flag": 2, "change_message": "[{\"changed\": {\"fields\": [\"Title\", \"Photo main\"]}}]"}}, {"model": "admin.logentry", "pk": 12, "fields": {"action_time": "2025-09-29T15:50:18.769Z", "user": 1, "content_type": 8, "object_id": "3", "object_repr": "Clinic 3", "action_flag": 1, "change_message": "[{\"added\": {}}]"}}, {"model": "admin.logentry", "pk": 13, "fields": {"action_time": "2025-09-29T15:51:05.825Z", "user": 1, "content_type": 8, "object_id": "4", "object_repr": "Clinic 4", "action_flag": 1, "change_message": "[{\"added\": {}}]"}}, {"model": "admin.logentry", "pk": 14, "fields": {"action_time": "2025-09-29T15:52:13.707Z", "user": 1, "content_type": 8, "object_id": "5", "object_repr": "Clinic 5", "action_flag": 1, "change_message": "[{\"added\": {}}]"}}, {"model": "admin.logentry", "pk": 15, "fields": {"action_time": "2025-09-29T15:52:43.774Z", "user": 1, "content_type": 8, "object_id": "6", "object_repr": "Clinic 6", "action_flag": 1, "change_message": "[{\"added\": {}}]"}}, {"model": "admin.logentry", "pk": 16, "fields": {"action_time": "2025-09-29T15:53:23.810Z", "user": 1, "content_type": 8, "object_id": "7", "object_repr": "Clinic 7", "action_flag": 1, "change_message": "[{\"added\": {}}]"}}, {"model": "admin.logentry", "pk": 17, "fields": {"action_time": "2025-09-29T15:54:06.481Z", "user": 1, "content_type": 8, "object_id": "8", "object_repr": "Clinic 8", "action_flag": 1, "change_message": "[{\"added\": {}}]"}}, {"model": "admin.logentry", "pk": 18, "fields": {"action_time": "2025-09-29T15:54:49.820Z", "user": 1, "content_type": 8, "object_id": "9", "object_repr": "Clinic 9", "action_flag": 1, "change_message": "[{\"added\": {}}]"}}, {"model": "admin.logentry", "pk": 19, "fields": {"action_time": "2025-09-29T15:55:22.245Z", "user": 1, "content_type": 8, "object_id": "10", "object_repr": "Clinic 10", "action_flag": 1, "change_message": "[{\"added\": {}}]"}}, {"model": "admin.logentry", "pk": 20, "fields": {"action_time": "2025-09-30T00:54:26.024Z", "user": 1, "content_type": 8, "object_id": "1", "object_repr": "Clinic 1", "action_flag": 2, "change_message": "[{\"changed\": {\"fields\": [\"Description\"]}}]"}}, {"model": "admin.logentry", "pk": 21, "fields": {"action_time": "2025-09-30T00:54:31.507Z", "user": 1, "content_type": 8, "object_id": "2", "object_repr": "Clinic 2", "action_flag": 2, "change_message": "[{\"changed\": {\"fields\": [\"Description\"]}}]"}}, {"model": "admin.logentry", "pk": 22, "fields": {"action_time": "2025-09-30T00:54:36.637Z", "user": 1, "content_type": 8, "object_id": "3", "object_repr": "Clinic 3", "action_flag": 2, "change_message": "[{\"changed\": {\"fields\": [\"Description\"]}}]"}}, {"model": "admin.logentry", "pk": 23, "fields": {"action_time": "2025-09-30T00:54:41.422Z", "user": 1, "content_type": 8, "object_id": "4", "object_repr": "Clinic 4", "action_flag": 2, "change_message": "[{\"changed\": {\"fields\": [\"Description\"]}}]"}}, {"model": "admin.logentry", "pk": 24, "fields": {"action_time": "2025-09-30T00:54:46.915Z", "user": 1, "content_type": 8, "object_id": "5", "object_repr": "Clinic 5", "action_flag": 2, "change_message": "[{\"changed\": {\"fields\": [\"Description\"]}}]"}}, {"model": "admin.logentry", "pk": 25, "fields": {"action_time": "2025-09-30T00:54:51.636Z", "user": 1, "content_type": 8, "object_id": "6", "object_repr": "Clinic 6", "action_flag": 2, "change_message": "[{\"changed\": {\"fields\": [\"Description\"]}}]"}}, {"model": "admin.logentry", "pk": 26, "fields": {"action_time": "2025-09-30T00:54:56.958Z", "user": 1, "content_type": 8, "object_id": "7", "object_repr": "Clinic 7", "action_flag": 2, "change_message": "[{\"changed\": {\"fields\": [\"Description\"]}}]"}}, {"model": "admin.logentry", "pk": 27, "fields": {"action_time": "2025-09-30T00:55:01.754Z", "user": 1, "content_type": 8, "object_id": "8", "object_repr": "Clinic 8", "action_flag": 2, "change_message": "[{\"changed\": {\"fields\": [\"Description\"]}}]"}}, {"model": "admin.logentry", "pk": 28, "fields": {"action_time": "2025-09-30T00:55:06.650Z", "user": 1, "content_type": 8, "object_id": "9", "object_repr": "Clinic 9", "action_flag": 2, "change_message": "[{\"changed\": {\"fields\": [\"Description\"]}}]"}}, {"model": "admin.logentry", "pk": 29, "fields": {"action_time": "2025-09-30T00:55:13.304Z", "user": 1, "content_type": 8, "object_id": "10", "object_repr": "Clinic 10", "action_flag": 2, "change_message": "[{\"changed\": {\"fields\": [\"Description\"]}}]"}}, {"model": "admin.logentry", "pk": 30, "fields": {"action_time": "2025-09-30T06:55:31.978Z", "user": 1, "content_type": 9, "object_id": "1", "object_repr": "Ryan Cheung", "action_flag": 2, "change_message": "[{\"changed\": {\"fields\": [\"Description\"]}}]"}}, {"model": "admin.logentry", "pk": 31, "fields": {"action_time": "2025-09-30T06:55:36.578Z", "user": 1, "content_type": 9, "object_id": "2", "object_repr": "Tom Hanks", "action_flag": 2, "change_message": "[{\"changed\": {\"fields\": [\"Description\"]}}]"}}, {"model": "admin.logentry", "pk": 32, "fields": {"action_time": "2025-09-30T06:55:40.360Z", "user": 1, "content_type": 9, "object_id": "3", "object_repr": "Maggie Leung", "action_flag": 2, "change_message": "[{\"changed\": {\"fields\": [\"Description\"]}}]"}}, {"model": "admin.logentry", "pk": 33, "fields": {"action_time": "2025-09-30T06:55:44.285Z", "user": 1, "content_type": 9, "object_id": "4", "object_repr": "Susan Portman", "action_flag": 2, "change_message": "[{\"changed\": {\"fields\": [\"Description\"]}}]"}}, {"model": "admin.logentry", "pk": 34, "fields": {"action_time": "2025-10-03T07:13:15.408Z", "user": 1, "content_type": 9, "object_id": "4", "object_repr": "Susan Portman", "action_flag": 2, "change_message": "[{\"changed\": {\"fields\": [\"Is mvp\"]}}]"}}, {"model": "admin.logentry", "pk": 35, "fields": {"action_time": "2025-10-03T07:13:15.418Z", "user": 1, "content_type": 9, "object_id": "3", "object_repr": "Maggie Leung", "action_flag": 2, "change_message": "[{\"changed\": {\"fields\": [\"Is mvp\"]}}]"}}, {"model": "admin.logentry", "pk": 36, "fields": {"action_time": "2025-10-03T07:13:15.421Z", "user": 1, "content_type": 9, "object_id": "2", "object_repr": "Tom Hanks", "action_flag": 2, "change_message": "[{\"changed\": {\"fields\": [\"Is mvp\"]}}]"}}, {"model": "admin.logentry", "pk": 37, "fields": {"action_time": "2025-10-03T08:05:15.205Z", "user": 1, "content_type": 9, "object_id": "4", "object_repr": "Susan Portman", "action_flag": 2, "change_message": "[{\"changed\": {\"fields\": [\"Phone\"]}}]"}}, {"model": "admin.logentry", "pk": 38, "fields": {"action_time": "2025-10-03T08:05:21.027Z", "user": 1, "content_type": 9, "object_id": "3", "object_repr": "Maggie Leung", "action_flag": 2, "change_message": "[{\"changed\": {\"fields\": [\"Phone\"]}}]"}}, {"model": "admin.logentry", "pk": 39, "fields": {"action_time": "2025-10-03T08:05:26.972Z", "user": 1, "content_type": 9, "object_id": "2", "object_repr": "Tom Hanks", "action_flag": 2, "change_message": "[{\"changed\": {\"fields\": [\"Phone\"]}}]"}}, {"model": "admin.logentry", "pk": 40, "fields": {"action_time": "2025-10-03T08:05:31.855Z", "user": 1, "content_type": 9, "object_id": "1", "object_repr": "Ryan Cheung", "action_flag": 2, "change_message": "[{\"changed\": {\"fields\": [\"Phone\"]}}]"}}, {"model": "admin.logentry", "pk": 41, "fields": {"action_time": "2025-10-03T08:52:31.515Z", "user": 1, "content_type": 9, "object_id": "3", "object_repr": "Maggie Leung", "action_flag": 2, "change_message": "[{\"changed\": {\"fields\": [\"Is mvp\"]}}]"}}, {"model": "admin.logentry", "pk": 42, "fields": {"action_time": "2025-10-06T03:57:45.382Z", "user": 1, "content_type": 8, "object_id": "10", "object_repr": "Clinic 10", "action_flag": 2, "change_message": "[{\"changed\": {\"fields\": [\"Photo 1\"]}}]"}}, {"model": "admin.logentry", "pk": 43, "fields": {"action_time": "2025-10-06T04:07:22.725Z", "user": 1, "content_type": 8, "object_id": "10", "object_repr": "Clinic 10", "action_flag": 2, "change_message": "[{\"changed\": {\"fields\": [\"Photo 2\"]}}]"}}, {"model": "admin.logentry", "pk": 44, "fields": {"action_time": "2025-10-06T04:08:11.685Z", "user": 1, "content_type": 8, "object_id": "9", "object_repr": "Clinic 9", "action_flag": 2, "change_message": "[{\"changed\": {\"fields\": [\"Photo 1\", \"Photo 2\", \"Photo 3\", \"Photo 4\", \"Photo 5\", \"Photo 6\"]}}]"}}, {"model": "admin.logentry", "pk": 45, "fields": {"action_time": "2025-10-08T07:05:06.933Z", "user": 1, "content_type": 8, "object_id": "8", "object_repr": "Clinic 8", "action_flag": 2, "change_message": "[{\"changed\": {\"fields\": [\"Photo 1\"]}}]"}}, {"model": "admin.logentry", "pk": 46, "fields": {"action_time": "2025-10-08T08:38:18.455Z", "user": 1, "content_type": 8, "object_id": "8", "object_repr": "Clinic 8", "action_flag": 2, "change_message": "[{\"changed\": {\"fields\": [\"District\"]}}]"}}, {"model": "admin.logentry", "pk": 47, "fields": {"action_time": "2025-10-08T08:38:24.234Z", "user": 1, "content_type": 8, "object_id": "10", "object_repr": "Clinic 10", "action_flag": 2, "change_message": "[{\"changed\": {\"fields\": [\"District\"]}}]"}}, {"model": "admin.logentry", "pk": 48, "fields": {"action_time": "2025-10-08T08:38:35.261Z", "user": 1, "content_type": 8, "object_id": "9", "object_repr": "Clinic 9", "action_flag": 2, "change_message": "[{\"changed\": {\"fields\": [\"District\"]}}]"}}, {"model": "admin.logentry", "pk": 49, "fields": {"action_time": "2025-10-08T08:38:42.593Z", "user": 1, "content_type": 8, "object_id": "6", "object_repr": "Clinic 6", "action_flag": 2, "change_message": "[{\"changed\": {\"fields\": [\"District\"]}}]"}}, {"model": "admin.logentry", "pk": 50, "fields": {"action_time": "2025-10-08T08:38:49.727Z", "user": 1, "content_type": 8, "object_id": "5", "object_repr": "Clinic 5", "action_flag": 2, "change_message": "[{\"changed\": {\"fields\": [\"District\"]}}]"}}, {"model": "admin.logentry", "pk": 51, "fields": {"action_time": "2025-10-08T08:38:56.027Z", "user": 1, "content_type": 8, "object_id": "4", "object_repr": "Clinic 4", "action_flag": 2, "change_message": "[{\"changed\": {\"fields\": [\"District\"]}}]"}}, {"model": "admin.logentry", "pk": 52, "fields": {"action_time": "2025-10-08T08:39:02.737Z", "user": 1, "content_type": 8, "object_id": "3", "object_repr": "Clinic 3", "action_flag": 2, "change_message": "[{\"changed\": {\"fields\": [\"District\"]}}]"}}, {"model": "admin.logentry", "pk": 53, "fields": {"action_time": "2025-10-08T08:39:08.202Z", "user": 1, "content_type": 8, "object_id": "2", "object_repr": "Clinic 2", "action_flag": 2, "change_message": "[{\"changed\": {\"fields\": [\"District\"]}}]"}}, {"model": "admin.logentry", "pk": 54, "fields": {"action_time": "2025-10-08T08:39:22.696Z", "user": 1, "content_type": 8, "object_id": "1", "object_repr": "Clinic 1", "action_flag": 2, "change_message": "[{\"changed\": {\"fields\": [\"District\"]}}]"}}, {"model": "admin.logentry", "pk": 55, "fields": {"action_time": "2025-10-09T01:35:35.515Z", "user": 1, "content_type": 10, "object_id": "1", "object_repr": "x-ray", "action_flag": 1, "change_message": "[{\"added\": {}}]"}}, {"model": "admin.logentry", "pk": 56, "fields": {"action_time": "2025-10-09T01:35:41.919Z", "user": 1, "content_type": 10, "object_id": "2", "object_repr": "MRI", "action_flag": 1, "change_message": "[{\"added\": {}}]"}}, {"model": "admin.logentry", "pk": 57, "fields": {"action_time": "2025-10-09T01:35:51.045Z", "user": 1, "content_type": 10, "object_id": "3", "object_repr": "blood test", "action_flag": 1, "change_message": "[{\"added\": {}}]"}}, {"model": "admin.logentry", "pk": 58, "fields": {"action_time": "2025-10-09T08:46:49.658Z", "user": 1, "content_type": 8, "object_id": "10", "object_repr": "Clinic 10", "action_flag": 2, "change_message": "[{\"changed\": {\"fields\": [\"Services\"]}}]"}}, {"model": "admin.logentry", "pk": 59, "fields": {"action_time": "2025-10-09T08:47:15.789Z", "user": 1, "content_type": 8, "object_id": "9", "object_repr": "Clinic 9", "action_flag": 2, "change_message": "[{\"changed\": {\"fields\": [\"Services\"]}}]"}}, {"model": "admin.logentry", "pk": 60, "fields": {"action_time": "2025-10-09T08:47:29.447Z", "user": 1, "content_type": 10, "object_id": "4", "object_repr": "x-rzz", "action_flag": 3, "change_message": ""}}, {"model": "admin.logentry", "pk": 61, "fields": {"action_time": "2025-10-09T08:52:50.778Z", "user": 1, "content_type": 8, "object_id": "8", "object_repr": "Clinic 8", "action_flag": 2, "change_message": "[{\"changed\": {\"fields\": [\"Services\"]}}]"}}, {"model": "admin.logentry", "pk": 62, "fields": {"action_time": "2025-10-09T08:53:07.284Z", "user": 1, "content_type": 8, "object_id": "7", "object_repr": "Clinic 7", "action_flag": 2, "change_message": "[{\"changed\": {\"fields\": [\"Services\"]}}]"}}, {"model": "admin.logentry", "pk": 63, "fields": {"action_time": "2025-10-09T08:53:17.927Z", "user": 1, "content_type": 8, "object_id": "6", "object_repr": "Clinic 6", "action_flag": 2, "change_message": "[{\"changed\": {\"fields\": [\"Services\"]}}]"}}, {"model": "admin.logentry", "pk": 64, "fields": {"action_time": "2025-10-09T08:55:55.098Z", "user": 1, "content_type": 8, "object_id": "5", "object_repr": "Clinic 5", "action_flag": 2, "change_message": "[{\"changed\": {\"fields\": [\"Services\"]}}]"}}, {"model": "admin.logentry", "pk": 65, "fields": {"action_time": "2025-10-09T08:56:02.974Z", "user": 1, "content_type": 8, "object_id": "5", "object_repr": "Clinic 5", "action_flag": 2, "change_message": "[{\"changed\": {\"fields\": [\"Services\"]}}]"}}, {"model": "admin.logentry", "pk": 66, "fields": {"action_time": "2025-10-10T01:59:57.311Z", "user": 1, "content_type": 12, "object_id": "1", "object_repr": "Adult Psychology & Counselling", "action_flag": 1, "change_message": "[{\"added\": {}}]"}}, {"model": "admin.logentry", "pk": 67, "fields": {"action_time": "2025-10-10T02:00:21.729Z", "user": 1, "content_type": 12, "object_id": "2", "object_repr": "Obstetrics & Gynaecology", "action_flag": 1, "change_message": "[{\"added\": {}}]"}}, {"model": "admin.logentry", "pk": 68, "fields": {"action_time": "2025-10-10T02:00:30.764Z", "user": 1, "content_type": 12, "object_id": "3", "object_repr": "Paediatrics", "action_flag": 1, "change_message": "[{\"added\": {}}]"}}, {"model": "admin.logentry", "pk": 69, "fields": {"action_time": "2025-10-10T02:00:44.706Z", "user": 1, "content_type": 12, "object_id": "4", "object_repr": "Obstetrics & Gynaecology", "action_flag": 1, "change_message": "[{\"added\": {}}]"}}, {"model": "admin.logentry", "pk": 70, "fields": {"action_time": "2025-10-10T02:01:23.673Z", "user": 1, "content_type": 8, "object_id": "10", "object_repr": "Clinic 10", "action_flag": 2, "change_message": "[{\"changed\": {\"fields\": [\"Room type\", \"Professionals\", \"Select Professionals\"]}}]"}}, {"model": "admin.logentry", "pk": 71, "fields": {"action_time": "2025-10-10T02:06:22.600Z", "user": 1, "content_type": 8, "object_id": "9", "object_repr": "Clinic 9", "action_flag": 2, "change_message": "[{\"changed\": {\"fields\": [\"Room type\", \"Select Professionals\"]}}]"}}, {"model": "admin.logentry", "pk": 72, "fields": {"action_time": "2025-10-10T02:07:23.814Z", "user": 1, "content_type": 8, "object_id": "4", "object_repr": "Clinic 4", "action_flag": 2, "change_message": "[{\"changed\": {\"fields\": [\"Services\", \"Room type\", \"Select Professionals\"]}}]"}}, {"model": "admin.logentry", "pk": 73, "fields": {"action_time": "2025-10-10T02:07:33.834Z", "user": 1, "content_type": 8, "object_id": "6", "object_repr": "Clinic 6", "action_flag": 2, "change_message": "[{\"changed\": {\"fields\": [\"Room type\", \"Select Professionals\"]}}]"}}, {"model": "admin.logentry", "pk": 74, "fields": {"action_time": "2025-10-10T02:08:38.132Z", "user": 1, "content_type": 12, "object_id": "2", "object_repr": "Obstetrics & Gynaecology", "action_flag": 3, "change_message": ""}}, {"model": "admin.logentry", "pk": 75, "fields": {"action_time": "2025-10-10T02:11:01.353Z", "user": 1, "content_type": 8, "object_id": "7", "object_repr": "Clinic 7", "action_flag": 2, "change_message": "[{\"changed\": {\"fields\": [\"Room type\", \"Professionals\"]}}]"}}, {"model": "admin.logentry", "pk": 76, "fields": {"action_time": "2025-10-10T02:11:42.582Z", "user": 1, "content_type": 8, "object_id": "2", "object_repr": "Clinic 2", "action_flag": 2, "change_message": "[{\"changed\": {\"fields\": [\"Services\", \"Room type\", \"Professionals\"]}}]"}}, {"model": "admin.logentry", "pk": 77, "fields": {"action_time": "2025-10-10T02:12:17.843Z", "user": 1, "content_type": 12, "object_id": "5", "object_repr": "Psychiatry", "action_flag": 1, "change_message": "[{\"added\": {}}]"}}, {"model": "admin.logentry", "pk": 78, "fields": {"action_time": "2025-10-10T02:12:36.732Z", "user": 1, "content_type": 8, "object_id": "9", "object_repr": "Clinic 9", "action_flag": 2, "change_message": "[{\"changed\": {\"fields\": [\"Professionals\"]}}]"}}, {"model": "admin.logentry", "pk": 79, "fields": {"action_time": "2025-10-10T02:14:54.763Z", "user": 1, "content_type": 8, "object_id": "5", "object_repr": "Clinic 5", "action_flag": 2, "change_message": "[{\"changed\": {\"fields\": [\"Room type\", \"Professionals\"]}}]"}}, {"model": "admin.logentry", "pk": 80, "fields": {"action_time": "2025-10-10T02:17:04.004Z", "user": 1, "content_type": 12, "object_id": "6", "object_repr": "Sleep Therapy", "action_flag": 1, "change_message": "[{\"added\": {}}]"}}, {"model": "admin.logentry", "pk": 81, "fields": {"action_time": "2025-10-10T02:17:37.096Z", "user": 1, "content_type": 12, "object_id": "7", "object_repr": "Podiatry", "action_flag": 1, "change_message": "[{\"added\": {}}]"}}, {"model": "admin.logentry", "pk": 82, "fields": {"action_time": "2025-10-10T02:17:45.160Z", "user": 1, "content_type": 8, "object_id": "9", "object_repr": "Clinic 9", "action_flag": 2, "change_message": "[{\"changed\": {\"fields\": [\"Professionals\"]}}]"}}, {"model": "admin.logentry", "pk": 83, "fields": {"action_time": "2025-10-10T02:17:54.583Z", "user": 1, "content_type": 8, "object_id": "4", "object_repr": "Clinic 4", "action_flag": 2, "change_message": "[{\"changed\": {\"fields\": [\"Professionals\"]}}]"}}, {"model": "admin.logentry", "pk": 84, "fields": {"action_time": "2025-10-10T02:19:47.386Z", "user": 1, "content_type": 8, "object_id": "1", "object_repr": "Clinic 1", "action_flag": 2, "change_message": "[{\"changed\": {\"fields\": [\"Services\", \"Room type\", \"Professionals\"]}}]"}}, {"model": "admin.logentry", "pk": 85, "fields": {"action_time": "2025-10-10T02:20:06.101Z", "user": 1, "content_type": 8, "object_id": "3", "object_repr": "Clinic 3", "action_flag": 2, "change_message": "[{\"changed\": {\"fields\": [\"Services\", \"Room type\", \"Professionals\"]}}]"}}, {"model": "admin.logentry", "pk": 86, "fields": {"action_time": "2025-10-10T02:20:32.880Z", "user": 1, "content_type": 8, "object_id": "4", "object_repr": "Clinic 4", "action_flag": 2, "change_message": "[]"}}, {"model": "admin.logentry", "pk": 87, "fields": {"action_time": "2025-10-10T02:20:52.346Z", "user": 1, "content_type": 8, "object_id": "4", "object_repr": "Clinic 4", "action_flag": 2, "change_message": "[{\"changed\": {\"fields\": [\"Services\"]}}]"}}, {"model": "admin.logentry", "pk": 88, "fields": {"action_time": "2025-10-10T02:21:07.294Z", "user": 1, "content_type": 8, "object_id": "1", "object_repr": "Clinic 1", "action_flag": 2, "change_message": "[{\"changed\": {\"fields\": [\"Services\"]}}]"}}, {"model": "admin.logentry", "pk": 89, "fields": {"action_time": "2025-10-10T02:21:53.313Z", "user": 1, "content_type": 8, "object_id": "9", "object_repr": "Clinic 9", "action_flag": 2, "change_message": "[{\"changed\": {\"fields\": [\"Room type\"]}}]"}}, {"model": "admin.logentry", "pk": 90, "fields": {"action_time": "2025-10-10T02:24:20.505Z", "user": 1, "content_type": 8, "object_id": "8", "object_repr": "Clinic 8", "action_flag": 2, "change_message": "[{\"changed\": {\"fields\": [\"Room type\", \"Professionals\"]}}]"}}, {"model": "admin.logentry", "pk": 91, "fields": {"action_time": "2025-10-10T03:01:27.717Z", "user": 1, "content_type": 10, "object_id": "5", "object_repr": "Blood", "action_flag": 3, "change_message": ""}}, {"model": "admin.logentry", "pk": 92, "fields": {"action_time": "2025-10-10T03:01:27.717Z", "user": 1, "content_type": 10, "object_id": "6", "object_repr": "Test", "action_flag": 3, "change_message": ""}}, {"model": "admin.logentry", "pk": 93, "fields": {"action_time": "2025-10-10T03:10:27.919Z", "user": 1, "content_type": 8, "object_id": "10", "object_repr": "Clinic 10", "action_flag": 2, "change_message": "[{\"changed\": {\"fields\": [\"Room type\"]}}]"}}, {"model": "admin.logentry", "pk": 94, "fields": {"action_time": "2025-10-10T03:10:52.246Z", "user": 1, "content_type": 8, "object_id": "8", "object_repr": "Clinic 8", "action_flag": 2, "change_message": "[{\"changed\": {\"fields\": [\"Room type\"]}}]"}}, {"model": "admin.logentry", "pk": 95, "fields": {"action_time": "2025-10-10T03:11:36.231Z", "user": 1, "content_type": 8, "object_id": "2", "object_repr": "Clinic 2", "action_flag": 2, "change_message": "[{\"changed\": {\"fields\": [\"Room type\"]}}]"}}, {"model": "admin.logentry", "pk": 96, "fields": {"action_time": "2025-10-10T03:12:06.047Z", "user": 1, "content_type": 8, "object_id": "1", "object_repr": "Clinic 1", "action_flag": 2, "change_message": "[{\"changed\": {\"fields\": [\"Room type\"]}}]"}}, {"model": "admin.logentry", "pk": 97, "fields": {"action_time": "2025-10-10T03:26:17.248Z", "user": 1, "content_type": 8, "object_id": "9", "object_repr": "Clinic 9", "action_flag": 2, "change_message": "[{\"changed\": {\"fields\": [\"District\"]}}]"}}, {"model": "admin.logentry", "pk": 98, "fields": {"action_time": "2025-10-10T04:37:06.796Z", "user": 1, "content_type": 8, "object_id": "11", "object_repr": "Clinic 11", "action_flag": 1, "change_message": "[{\"added\": {}}]"}}, {"model": "admin.logentry", "pk": 99, "fields": {"action_time": "2025-10-10T07:16:27.836Z", "user": 1, "content_type": 8, "object_id": "10", "object_repr": "Clinic 10", "action_flag": 2, "change_message": "[{\"changed\": {\"fields\": [\"Select Professionals\"]}}]"}}, {"model": "admin.logentry", "pk": 100, "fields": {"action_time": "2025-10-10T07:16:52.939Z", "user": 1, "content_type": 8, "object_id": "5", "object_repr": "Clinic 5", "action_flag": 2, "change_message": "[{\"changed\": {\"fields\": [\"Select Professionals\"]}}]"}}, {"model": "admin.logentry", "pk": 101, "fields": {"action_time": "2025-10-10T07:17:03.176Z", "user": 1, "content_type": 8, "object_id": "6", "object_repr": "Clinic 6", "action_flag": 2, "change_message": "[{\"changed\": {\"fields\": [\"Select Professionals\"]}}]"}}, {"model": "admin.logentry", "pk": 102, "fields": {"action_time": "2025-10-14T02:56:39.272Z", "user": 1, "content_type": 4, "object_id": "5", "object_repr": "test2", "action_flag": 2, "change_message": "[{\"changed\": {\"fields\": [\"First name\", \"Last name\"]}}]"}}, {"model": "admin.logentry", "pk": 103, "fields": {"action_time": "2025-10-14T02:57:50.854Z", "user": 1, "content_type": 4, "object_id": "4", "object_repr": "test", "action_flag": 2, "change_message": "[{\"changed\": {\"fields\": [\"Email address\"]}}]"}}, {"model": "admin.logentry", "pk": 104, "fields": {"action_time": "2025-10-15T03:20:03.152Z", "user": 1, "content_type": 9, "object_id": "4", "object_repr": "Susan Portman", "action_flag": 2, "change_message": "[{\"changed\": {\"fields\": [\"Email\"]}}]"}}, {"model": "admin.logentry", "pk": 105, "fields": {"action_time": "2025-10-15T03:20:35.107Z", "user": 1, "content_type": 9, "object_id": "4", "object_repr": "Susan Portman", "action_flag": 2, "change_message": "[{\"changed\": {\"fields\": [\"Email\"]}}]"}}, {"model": "admin.logentry", "pk": 106, "fields": {"action_time": "2025-10-15T03:20:42.472Z", "user": 1, "content_type": 9, "object_id": "1", "object_repr": "Ryan Cheung", "action_flag": 2, "change_message": "[{\"changed\": {\"fields\": [\"Email\"]}}]"}}, {"model": "admin.logentry", "pk": 107, "fields": {"action_time": "2025-10-15T03:43:58.598Z", "user": 1, "content_type": 9, "object_id": "1", "object_repr": "Ryan Cheung", "action_flag": 2, "change_message": "[]"}}, {"model": "admin.logentry", "pk": 108, "fields": {"action_time": "2025-10-15T03:45:42.738Z", "user": 1, "content_type": 9, "object_id": "2", "object_repr": "Tom Hanks", "action_flag": 2, "change_message": "[{\"changed\": {\"fields\": [\"Email\"]}}]"}}, {"model": "auth.permission", "pk": 1, "fields": {"name": "Can add log entry", "content_type": 1, "codename": "add_logentry"}}, {"model": "auth.permission", "pk": 2, "fields": {"name": "Can change log entry", "content_type": 1, "codename": "change_logentry"}}, {"model": "auth.permission", "pk": 3, "fields": {"name": "Can delete log entry", "content_type": 1, "codename": "delete_logentry"}}, {"model": "auth.permission", "pk": 4, "fields": {"name": "Can view log entry", "content_type": 1, "codename": "view_logentry"}}, {"model": "auth.permission", "pk": 5, "fields": {"name": "Can add permission", "content_type": 2, "codename": "add_permission"}}, {"model": "auth.permission", "pk": 6, "fields": {"name": "Can change permission", "content_type": 2, "codename": "change_permission"}}, {"model": "auth.permission", "pk": 7, "fields": {"name": "Can delete permission", "content_type": 2, "codename": "delete_permission"}}, {"model": "auth.permission", "pk": 8, "fields": {"name": "Can view permission", "content_type": 2, "codename": "view_permission"}}, {"model": "auth.permission", "pk": 9, "fields": {"name": "Can add group", "content_type": 3, "codename": "add_group"}}, {"model": "auth.permission", "pk": 10, "fields": {"name": "Can change group", "content_type": 3, "codename": "change_group"}}, {"model": "auth.permission", "pk": 11, "fields": {"name": "Can delete group", "content_type": 3, "codename": "delete_group"}}, {"model": "auth.permission", "pk": 12, "fields": {"name": "Can view group", "content_type": 3, "codename": "view_group"}}, {"model": "auth.permission", "pk": 13, "fields": {"name": "Can add user", "content_type": 4, "codename": "add_user"}}, {"model": "auth.permission", "pk": 14, "fields": {"name": "Can change user", "content_type": 4, "codename": "change_user"}}, {"model": "auth.permission", "pk": 15, "fields": {"name": "Can delete user", "content_type": 4, "codename": "delete_user"}}, {"model": "auth.permission", "pk": 16, "fields": {"name": "Can view user", "content_type": 4, "codename": "view_user"}}, {"model": "auth.permission", "pk": 17, "fields": {"name": "Can add content type", "content_type": 5, "codename": "add_contenttype"}}, {"model": "auth.permission", "pk": 18, "fields": {"name": "Can change content type", "content_type": 5, "codename": "change_contenttype"}}, {"model": "auth.permission", "pk": 19, "fields": {"name": "Can delete content type", "content_type": 5, "codename": "delete_contenttype"}}, {"model": "auth.permission", "pk": 20, "fields": {"name": "Can view content type", "content_type": 5, "codename": "view_contenttype"}}, {"model": "auth.permission", "pk": 21, "fields": {"name": "Can add session", "content_type": 6, "codename": "add_session"}}, {"model": "auth.permission", "pk": 22, "fields": {"name": "Can change session", "content_type": 6, "codename": "change_session"}}, {"model": "auth.permission", "pk": 23, "fields": {"name": "Can delete session", "content_type": 6, "codename": "delete_session"}}, {"model": "auth.permission", "pk": 24, "fields": {"name": "Can view session", "content_type": 6, "codename": "view_session"}}, {"model": "auth.permission", "pk": 25, "fields": {"name": "Can add history entry", "content_type": 7, "codename": "add_historyentry"}}, {"model": "auth.permission", "pk": 26, "fields": {"name": "Can change history entry", "content_type": 7, "codename": "change_historyentry"}}, {"model": "auth.permission", "pk": 27, "fields": {"name": "Can delete history entry", "content_type": 7, "codename": "delete_historyentry"}}, {"model": "auth.permission", "pk": 28, "fields": {"name": "Can view history entry", "content_type": 7, "codename": "view_historyentry"}}, {"model": "auth.permission", "pk": 29, "fields": {"name": "Can add listing", "content_type": 8, "codename": "add_listing"}}, {"model": "auth.permission", "pk": 30, "fields": {"name": "Can change listing", "content_type": 8, "codename": "change_listing"}}, {"model": "auth.permission", "pk": 31, "fields": {"name": "Can delete listing", "content_type": 8, "codename": "delete_listing"}}, {"model": "auth.permission", "pk": 32, "fields": {"name": "Can view listing", "content_type": 8, "codename": "view_listing"}}, {"model": "auth.permission", "pk": 33, "fields": {"name": "Can add doctor", "content_type": 9, "codename": "add_doctor"}}, {"model": "auth.permission", "pk": 34, "fields": {"name": "Can change doctor", "content_type": 9, "codename": "change_doctor"}}, {"model": "auth.permission", "pk": 35, "fields": {"name": "Can delete doctor", "content_type": 9, "codename": "delete_doctor"}}, {"model": "auth.permission", "pk": 36, "fields": {"name": "Can view doctor", "content_type": 9, "codename": "view_doctor"}}, {"model": "auth.permission", "pk": 37, "fields": {"name": "Can add tag", "content_type": 10, "codename": "add_tag"}}, {"model": "auth.permission", "pk": 38, "fields": {"name": "Can change tag", "content_type": 10, "codename": "change_tag"}}, {"model": "auth.permission", "pk": 39, "fields": {"name": "Can delete tag", "content_type": 10, "codename": "delete_tag"}}, {"model": "auth.permission", "pk": 40, "fields": {"name": "Can view tag", "content_type": 10, "codename": "view_tag"}}, {"model": "auth.permission", "pk": 41, "fields": {"name": "Can add tagged item", "content_type": 11, "codename": "add_taggeditem"}}, {"model": "auth.permission", "pk": 42, "fields": {"name": "Can change tagged item", "content_type": 11, "codename": "change_taggeditem"}}, {"model": "auth.permission", "pk": 43, "fields": {"name": "Can delete tagged item", "content_type": 11, "codename": "delete_taggeditem"}}, {"model": "auth.permission", "pk": 44, "fields": {"name": "Can view tagged item", "content_type": 11, "codename": "view_taggeditem"}}, {"model": "auth.permission", "pk": 45, "fields": {"name": "Can add subject", "content_type": 12, "codename": "add_subject"}}, {"model": "auth.permission", "pk": 46, "fields": {"name": "Can change subject", "content_type": 12, "codename": "change_subject"}}, {"model": "auth.permission", "pk": 47, "fields": {"name": "Can delete subject", "content_type": 12, "codename": "delete_subject"}}, {"model": "auth.permission", "pk": 48, "fields": {"name": "Can view subject", "content_type": 12, "codename": "view_subject"}}, {"model": "auth.permission", "pk": 49, "fields": {"name": "Can add contact", "content_type": 13, "codename": "add_contact"}}, {"model": "auth.permission", "pk": 50, "fields": {"name": "Can change contact", "content_type": 13, "codename": "change_contact"}}, {"model": "auth.permission", "pk": 51, "fields": {"name": "Can delete contact", "content_type": 13, "codename": "delete_contact"}}, {"model": "auth.permission", "pk": 52, "fields": {"name": "Can view contact", "content_type": 13, "codename": "view_contact"}}, {"model": "auth.user", "pk": 1, "fields": {"password": "pbkdf2_sha256$1000000$hnSpCGVRDbzKFMfqcYhfK2$eO4t1H+XAY+fk5Qm96gzCOdcyXTCn9cacwgmavluiu4=", "last_login": "2025-10-15T06:25:20.769Z", "is_superuser": true, "username": "admin", "first_name": "", "last_name": "", "email": "edward.tsang@gmail.com", "is_staff": true, "is_active": true, "date_joined": "2025-09-29T08:32:20.051Z", "groups": [], "user_permissions": []}}, {"model": "auth.user", "pk": 2, "fields": {"password": "pbkdf2_sha256$1000000$Ld0Jr4k7gVm8qoualETwIS$vQZ7ctEYq/IKZKblfWAKpXscGksvm9d6BVSY2G5v/6w=", "last_login": null, "is_superuser": false, "username": "ryancheung", "first_name": "ryan", "last_name": "cheung", "email": "rc@clinic.com", "is_staff": false, "is_active": true, "date_joined": "2025-10-13T06:23:39.373Z", "groups": [], "user_permissions": []}}, {"model": "auth.user", "pk": 3, "fields": {"password": "pbkdf2_sha256$1000000$jVxuuEtRF5OcCMgbnsGgCS$KIqfEHrkqrTFtdpjArv+asXq3F8vrhKHDX6iyExtQfs=", "last_login": null, "is_superuser": false, "username": "abc", "first_name": "ryan", "last_name": "cheung", "email": "a@a", "is_staff": false, "is_active": true, "date_joined": "2025-10-13T06:25:00.189Z", "groups": [], "user_permissions": []}}, {"model": "auth.user", "pk": 4, "fields": {"password": "pbkdf2_sha256$1000000$NiB9vxfxKOwvhRx6ulj10e$FgfZVKPSGnmvJp2G8BjT0nWxxAc8gjZZ3Gta2Cbm/w8=", "last_login": "2025-10-14T04:30:12.062Z", "is_superuser": false, "username": "test", "first_name": "first", "last_name": "last", "email": "abc@abc.com", "is_staff": false, "is_active": true, "date_joined": "2025-10-13T06:41:05Z", "groups": [], "user_permissions": []}}, {"model": "auth.user", "pk": 5, "fields": {"password": "pbkdf2_sha256$1000000$XQgLzVlqjjmsTyL4H9wwJc$GdVJcWICQyLx3okkjSTmW/r54F/SlPhAB1FUVb9rLPY=", "last_login": "2025-10-14T09:59:52.960Z", "is_superuser": false, "username": "test2", "first_name": "john", "last_name": "chan", "email": "th@clinic.com", "is_staff": false, "is_active": true, "date_joined": "2025-10-14T02:25:02Z", "groups": [], "user_permissions": []}}, {"model": "contenttypes.contenttype", "pk": 1, "fields": {"app_label": "admin", "model": "logentry"}}, {"model": "contenttypes.contenttype", "pk": 2, "fields": {"app_label": "auth", "model": "permission"}}, {"model": "contenttypes.contenttype", "pk": 3, "fields": {"app_label": "auth", "model": "group"}}, {"model": "contenttypes.contenttype", "pk": 4, "fields": {"app_label": "auth", "model": "user"}}, {"model": "contenttypes.contenttype", "pk": 5, "fields": {"app_label": "contenttypes", "model": "contenttype"}}, {"model": "contenttypes.contenttype", "pk": 6, "fields": {"app_label": "sessions", "model": "session"}}, {"model": "contenttypes.contenttype", "pk": 7, "fields": {"app_label": "debug_toolbar", "model": "historyentry"}}, {"model": "contenttypes.contenttype", "pk": 8, "fields": {"app_label": "listings", "model": "listing"}}, {"model": "contenttypes.contenttype", "pk": 9, "fields": {"app_label": "doctors", "model": "doctor"}}, {"model": "contenttypes.contenttype", "pk": 10, "fields": {"app_label": "taggit", "model": "tag"}}, {"model": "contenttypes.contenttype", "pk": 11, "fields": {"app_label": "taggit", "model": "taggeditem"}}, {"model": "contenttypes.contenttype", "pk": 12, "fields": {"app_label": "listings", "model": "subject"}}, {"model": "contenttypes.contenttype", "pk": 13, "fields": {"app_label": "contacts", "model": "contact"}}, {"model": "sessions.session", "pk": "gg9bz93f1msn241rat613fmx07xeiuy8", "fields": {"session_data": ".eJxVjMsOwiAURP-FtSHlVcSle7-B3AdI1UBS2pXx322TLnQ3mXNm3iLCupS49jTHicVFKHH67RDomeoO-AH13iS1uswTyl2RB-3y1ji9rof7d1Cgl21tsgcddE6GCF3IqF32OY8DOkoh6ITMWsEWlIEzusGPZJWzSpEHJis-XwhQOI0:1v3Qf3:STATHDbaDknMG8EG8Qvwbks_cdmGSWBbcvkOe-y5Tow", "expire_date": "2025-10-14T03:04:17.470Z"}}, {"model": "sessions.session", "pk": "jeucwswax3dxmkjcz9448ei9pvkifa06", "fields": {"session_data": ".eJxVjMsOwiAURP-FtSHlVcSle7-B3AdI1UBS2pXx322TLnQ3mXNm3iLCupS49jTHicVFKHH67RDomeoO-AH13iS1uswTyl2RB-3y1ji9rof7d1Cgl21tsgcddE6GCF3IqF32OY8DOkoh6ITMWsEWlIEzusGPZJWzSpEHJis-XwhQOI0:1v8WJK:tSzIh03bg4uDo1J3P8R63pfDJAHZQGkaG3k08XT7shM", "expire_date": "2025-10-28T04:06:54.981Z"}}, {"model": "sessions.session", "pk": "z22hpu0l7uvii2s88a4aqd5zoq8ku6ao", "fields": {"session_data": ".eJxVjMsOwiAURP-FtSHlVcSle7-B3AdI1UBS2pXx322TLnQ3mXNm3iLCupS49jTHicVFKHH67RDomeoO-AH13iS1uswTyl2RB-3y1ji9rof7d1Cgl21tsgcddE6GCF3IqF32OY8DOkoh6ITMWsEWlIEzusGPZJWzSpEHJis-XwhQOI0:1v8uwq:bFFP3KawdxVTafK_p4OZWrOP9bOHOD19K3Dxq6F7M74", "expire_date": "2025-10-29T06:25:20.794Z"}}, {"model": "sessions.session", "pk": "zc1niclmuldpdnr9g3zzazrrwieohca0", "fields": {"session_data": ".eJxVjMsOwiAQAP-FsyHblsfq0Xu_gSywSNVAUtqT8d-VpAe9zkzmJRztW3Z749UtUVyEFqdf5ik8uHQR71RuVYZatnXxsifysE3ONfLzerR_g0wt9y3qxAECoAUVvT0TEfIY8cssgSI_qqTskKZpSgAeAQdjrTdKG-TI4v0B7SY30Q:1v8bou:WmMrI9EcUR_jDx1A_W7igWZhPtWg2z2Qub6uiP12Jjg", "expire_date": "2025-10-28T09:59:52.969Z"}}, {"model": "taggit.tag", "pk": 1, "fields": {"name": "x-ray", "slug": "x-ray"}}, {"model": "taggit.tag", "pk": 2, "fields": {"name": "MRI", "slug": "mri"}}, {"model": "taggit.tag", "pk": 3, "fields": {"name": "blood test", "slug": "blood-test"}}, {"model": "taggit.taggeditem", "pk": 1, "fields": {"tag": 1, "content_type": 8, "object_id": 10}}, {"model": "taggit.taggeditem", "pk": 2, "fields": {"tag": 3, "content_type": 8, "object_id": 9}}, {"model": "taggit.taggeditem", "pk": 4, "fields": {"tag": 3, "content_type": 8, "object_id": 8}}, {"model": "taggit.taggeditem", "pk": 5, "fields": {"tag": 1, "content_type": 8, "object_id": 8}}, {"model": "taggit.taggeditem", "pk": 6, "fields": {"tag": 2, "content_type": 8, "object_id": 7}}, {"model": "taggit.taggeditem", "pk": 7, "fields": {"tag": 1, "content_type": 8, "object_id": 7}}, {"model": "taggit.taggeditem", "pk": 8, "fields": {"tag": 3, "content_type": 8, "object_id": 6}}, {"model": "taggit.taggeditem", "pk": 9, "fields": {"tag": 2, "content_type": 8, "object_id": 6}}, {"model": "taggit.taggeditem", "pk": 10, "fields": {"tag": 3, "content_type": 8, "object_id": 5}}, {"model": "taggit.taggeditem", "pk": 11, "fields": {"tag": 1, "content_type": 8, "object_id": 5}}, {"model": "taggit.taggeditem", "pk": 12, "fields": {"tag": 2, "content_type": 8, "object_id": 5}}, {"model": "taggit.taggeditem", "pk": 15, "fields": {"tag": 1, "content_type": 8, "object_id": 2}}, {"model": "taggit.taggeditem", "pk": 18, "fields": {"tag": 2, "content_type": 8, "object_id": 3}}, {"model": "taggit.taggeditem", "pk": 19, "fields": {"tag": 3, "content_type": 8, "object_id": 4}}, {"model": "taggit.taggeditem", "pk": 20, "fields": {"tag": 2, "content_type": 8, "object_id": 4}}, {"model": "taggit.taggeditem", "pk": 21, "fields": {"tag": 3, "content_type": 8, "object_id": 1}}, {"model": "taggit.taggeditem", "pk": 22, "fields": {"tag": 2, "content_type": 8, "object_id": 1}}, {"model": "taggit.taggeditem", "pk": 23, "fields": {"tag": 1, "content_type": 8, "object_id": 1}}, {"model": "taggit.taggeditem", "pk": 24, "fields": {"tag": 1, "content_type": 8, "object_id": 11}}, {"model": "listings.subject", "pk": 1, "fields": {"name": "Adult Psychology & Counselling"}}, {"model": "listings.subject", "pk": 3, "fields": {"name": "Paediatrics"}}, {"model": "listings.subject", "pk": 4, "fields": {"name": "Obstetrics & Gynaecology"}}, {"model": "listings.subject", "pk": 5, "fields": {"name": "Psychiatry"}}, {"model": "listings.subject", "pk": 6, "fields": {"name": "Sleep Therapy"}}, {"model": "listings.subject", "pk": 7, "fields": {"name": "Podiatry"}}, {"model": "listings.listing", "pk": 1, "fields": {"doctor": 1, "title": "Clinic 1", "address": "Prince Building", "district": "Eastern", "description": "x-ray \r\ndescription 1", "service": 4, "room_type": "Semi-Private Rooms", "screen": 3, "professional": 2, "rooms": "5", "photo_main": "photos/2025/09/29/01outdoor.png", "photo_1": "", "photo_2": "", "photo_3": "", "photo_4": "", "photo_5": "", "photo_6": "", "is_published": true, "list_date": "2025-09-29T09:43:54.301Z", "professionals": [5, 6, 7]}}, {"model": "listings.listing", "pk": 2, "fields": {"doctor": 2, "title": "Clinic 2", "address": "Princess Building", "district": "Tai Po", "description": "x-ray \r\ndescription 2", "service": 3, "room_type": "Semi-Private Rooms", "screen": 2, "professional": 2, "rooms": "4", "photo_main": "photos/2025/09/29/indoor01.png", "photo_1": "", "photo_2": "", "photo_3": "", "photo_4": "", "photo_5": "", "photo_6": "", "is_published": true, "list_date": "2025-09-29T09:52:54.788Z", "professionals": [4]}}, {"model": "listings.listing", "pk": 3, "fields": {"doctor": 3, "title": "Clinic 3", "address": "King Building", "district": "Yuen Long", "description": "x-ray \r\ndescription 3", "service": 2, "room_type": "Private Rooms", "screen": 3, "professional": 3, "rooms": "5", "photo_main": "photos/2025/09/29/02outdoor.png", "photo_1": "", "photo_2": "", "photo_3": "", "photo_4": "", "photo_5": "", "photo_6": "", "is_published": true, "list_date": "2025-09-29T15:50:18.767Z", "professionals": [1, 3, 6]}}, {"model": "listings.listing", "pk": 4, "fields": {"doctor": 4, "title": "Clinic 4", "address": "Queen Building", "district": "Kwai Tsing", "description": "x-ray \r\ndescription 4", "service": 5, "room_type": "Private Rooms", "screen": 5, "professional": 2, "rooms": "3", "photo_main": "photos/2025/09/29/indoor02.png", "photo_1": "", "photo_2": "", "photo_3": "", "photo_4": "", "photo_5": "", "photo_6": "", "is_published": true, "list_date": "2025-09-29T15:51:05.824Z", "professionals": [1, 3, 4]}}, {"model": "listings.listing", "pk": 5, "fields": {"doctor": 1, "title": "Clinic 5", "address": "Prince Building", "district": "Kwai Tsing", "description": "x-ray \r\ndescription 5", "service": 3, "room_type": "Private Rooms", "screen": 2, "professional": 2, "rooms": "4", "photo_main": "photos/2025/09/29/03outdoor.png", "photo_1": "", "photo_2": "", "photo_3": "", "photo_4": "", "photo_5": "", "photo_6": "", "is_published": true, "list_date": "2025-09-29T15:52:13.706Z", "professionals": [1]}}, {"model": "listings.listing", "pk": 6, "fields": {"doctor": 2, "title": "Clinic 6", "address": "Queen Building", "district": "Kowloon City", "description": "x-ray \r\ndescription 6", "service": 2, "room_type": "Private Rooms", "screen": 2, "professional": 2, "rooms": "2", "photo_main": "photos/2025/09/29/indoor03.png", "photo_1": "", "photo_2": "", "photo_3": "", "photo_4": "", "photo_5": "", "photo_6": "", "is_published": true, "list_date": "2025-09-29T15:52:43.773Z", "professionals": [3, 5, 7]}}, {"model": "listings.listing", "pk": 7, "fields": {"doctor": 3, "title": "Clinic 7", "address": "King Building", "district": "Wong Tai Sin", "description": "x-ray \r\ndescription 7", "service": 3, "room_type": "Private Rooms", "screen": 4, "professional": 5, "rooms": "3", "photo_main": "photos/2025/09/29/04outdoor.png", "photo_1": "", "photo_2": "", "photo_3": "", "photo_4": "", "photo_5": "", "photo_6": "", "is_published": true, "list_date": "2025-09-29T15:53:23.809Z", "professionals": [1, 4]}}, {"model": "listings.listing", "pk": 8, "fields": {"doctor": 4, "title": "Clinic 8", "address": "Princess Building", "district": "Islands", "description": "x-ray \r\ndescription 8", "service": 1, "room_type": "Standard (Multi-Bed) Rooms", "screen": 2, "professional": 3, "rooms": "4", "photo_main": "photos/2025/09/29/indoor04.png", "photo_1": "photos/2025/10/08/indoor05.png", "photo_2": "", "photo_3": "", "photo_4": "", "photo_5": "", "photo_6": "", "is_published": true, "list_date": "2025-09-29T15:54:06.480Z", "professionals": [1, 3, 4, 5, 6, 7]}}, {"model": "listings.listing", "pk": 9, "fields": {"doctor": 1, "title": "Clinic 9", "address": "Princess Building", "district": "Kwai Tsing", "description": "x-ray \r\ndescription 9", "service": 3, "room_type": "Semi-Private Rooms", "screen": 3, "professional": 3, "rooms": "3", "photo_main": "photos/2025/09/29/indoor10.png", "photo_1": "photos/2025/10/06/indoor11.png", "photo_2": "photos/2025/10/06/indoor10.png", "photo_3": "photos/2025/10/06/indoor09.png", "photo_4": "photos/2025/10/06/indoor06.png", "photo_5": "photos/2025/10/06/indoor03.png", "photo_6": "photos/2025/10/06/indoor01.png", "is_published": true, "list_date": "2025-09-29T15:54:49.818Z", "professionals": [5, 3, 7]}}, {"model": "listings.listing", "pk": 10, "fields": {"doctor": 2, "title": "Clinic 10", "address": "King Building", "district": "Kwai Tsing", "description": "x-ray \r\ndescription 10", "service": 3, "room_type": "Standard (Multi-Bed) Rooms", "screen": 4, "professional": 1, "rooms": "4", "photo_main": "photos/2025/09/29/indoor09.png", "photo_1": "photos/2025/10/06/indoor04.png", "photo_2": "photos/2025/10/06/indoor07.png", "photo_3": "", "photo_4": "", "photo_5": "", "photo_6": "", "is_published": true, "list_date": "2025-09-29T15:55:22.243Z", "professionals": [1, 4, 6, 7]}}, {"model": "listings.listing", "pk": 11, "fields": {"doctor": 1, "title": "Clinic 11", "address": "Princess Building", "district": "Yuen Long", "description": "clinic 11", "service": 3, "room_type": "Semi-Private Rooms", "screen": 3, "professional": 1, "rooms": "2", "photo_main": "photos/2025/10/10/indoor01.png", "photo_1": "", "photo_2": "", "photo_3": "", "photo_4": "", "photo_5": "", "photo_6": "", "is_published": true, "list_date": "2025-10-10T04:37:06.773Z", "professionals": [3, 5, 7]}}, {"model": "doctors.doctor", "pk": 1, "fields": {"name": "Ryan Cheung", "photo": "photos/2025/09/29/male-doc1.png", "description": "General Doctor 1", "phone": "00000004", "email": "edward.tsang@gmail.com", "is_mvp": true, "hire_date": "2025-09-29T09:35:06.152Z"}}, {"model": "doctors.doctor", "pk": 2, "fields": {"name": "Tom Hanks", "photo": "photos/2025/09/29/male-doc2.png", "description": "General Doctor 2", "phone": "00000003", "email": "antonie.yeung@gmail.com", "is_mvp": false, "hire_date": "2025-09-29T09:37:33.033Z"}}, {"model": "doctors.doctor", "pk": 3, "fields": {"name": "Maggie Leung", "photo": "photos/2025/09/29/female-doc1.png", "description": "General Doctor 3", "phone": "00000002", "email": "ml@clinic.com", "is_mvp": true, "hire_date": "2025-09-29T09:39:14.345Z"}}, {"model": "doctors.doctor", "pk": 4, "fields": {"name": "Susan Portman", "photo": "photos/2025/09/29/female-doc2.png", "description": "General Doctors 4", "phone": "00000001", "email": "sp@doctor.com", "is_mvp": false, "hire_date": "2025-09-29T15:48:23.916Z"}}, {"model": "contacts.contact", "pk": 2, "fields": {"listing": "Clinic 9", "listing_id": 9, "name": "john chan", "email": "th@clinic.com", "phone": "342342", "message": "ababab\r\nlistlist\r\n12344", "contact_date": "2025-10-14T03:58:13.495Z", "user_id": 5}}, {"model": "contacts.contact", "pk": 10, "fields": {"listing": "Clinic 11", "listing_id": 11, "name": "john chan", "email": "th@clinic.com", "phone": "", "message": "test", "contact_date": "2025-10-15T03:56:09.700Z", "user_id": 5}}, {"model": "contacts.contact", "pk": 11, "fields": {"listing": "Clinic 10", "listing_id": 10, "name": "john chan", "email": "th@clinic.com", "phone": "", "message": "thanks anton", "contact_date": "2025-10-15T03:57:55.013Z", "user_id": 5}}]